item,itemLabel,startDate,endDate,psid
Q108892363,Neila Gonji,2021-10-11,,Q108892363-BDEE890F-D6E1-41A8-92B4-BB8DB8B3567E
Q109045290,Mohamed Bousaïd,2021-02-15,2021-10-11,Q109045290-C44E5BD1-3F3D-44A2-9CFC-734BF35A28FB
Q19629356,Sadok Rabah,1988-07-27,1989-04-11,Q19629356-C0A4C15F-F009-4C21-9039-BD92EE803C5E
Q22282799,Hela Cheikhrouhou,2016-08-27,2017-09-12,Q22282799-91E568FA-6F22-499F-8F50-48BDAA74A1F5
Q3320655,Mongi Marzouk,2016-01-12,2016-08-27,Q3320655-950F6479-AA04-4BC0-AE7E-274F4CDFC622
Q3320655,Mongi Marzouk,2020-02-27,2020-09-02,Q3320655-A043F980-F290-4265-8C03-9AFD504C45DD
Q48757077,Amor Rourou,1979-11-07,1980-04-25,Q48757077-AEFE391A-9C89-491E-A437-E45B79953896
Q51460814,Khaled Kaddour,2017-09-12,2018-08-31,Q51460814-AAC8EFD3-EFD8-4537-BC6C-AB4A07440EFA
Q54875084,Salah Ben M'barka,1986-04-28,1987-11-07,Q54875084-8d25fe93-4a9e-0032-1391-b5ea6d695b2f
Q99542892,Salwa Sghayer,2020-09-02,2021-02-15,Q99542892-FF03267D-427C-42AC-A027-9EB3EA4580E9
